{"autoplayTransitionDelay":5,"author":"","timestamp":"2019-56-21 9:2:9","loopSlideshow":0,"filename":"Web Development 1.3","autoplayBuildDelay":2,"comment":"","title":"Web Development 1.3","showMode":0,"creator":"Apple Keynote 8.3","slideList":["0849D3F0-5364-46C3-82F7-C0AEF2CB3F4C","6F7DB838-9BDB-4416-BBF5-84ECF13B576A","A2C712BC-DF13-4FF0-8EC6-B0FA586ABDE5","8E4989B6-D4AE-4255-BB52-45E1412A8BC9","E1651AA5-5F7F-4794-8DA3-8B988F8C78DA","90FED622-4DC6-4CB4-A257-E41E2AE02C0A","920A2B67-AAC5-4B29-8DBF-8507A50FDFEE","19CB9B92-7141-4E52-A618-CA824E446FFA","8C8F7D83-F387-4725-BD94-E70059AD8611","91AD2B03-6A1E-4652-A2DC-F62D111ADD0D"],"soundtrack":{"mode":0,"volume":1},"slideWidth":1024,"slideHeight":768,"slideCount":10,"majorVersion":1,"minorVersion":2,"fonts":["Helvetica-Light","HelveticaNeue-Light","HelveticaNeue-Bold","HelveticaNeue","HelveticaNeue-Italic","Helvetica","GillSans","CourierNewPS-BoldMT","HelveticaNeue-Medium","HelveticaNeue-MediumItalic"]}